Delta,Time,CPU_FREQUENCY_0,CPU_FREQUENCY_1,CPU_FREQUENCY_2,CPU_FREQUENCY_3,CPU_USAGE_0,CPU_USAGE_1,CPU_USAGE_2,CPU_USAGE_3,DRAM_ENERGY (J),PACKAGE_ENERGY (J),PP0_ENERGY (J),PP1_ENERGY (J),TOTAL_MEMORY,TOTAL_SWAP,USED_MEMORY,USED_SWAP
0,1729209266567,400,2230,2362,2080,6.25,12.5,3.22580623626709,9.375,80443.07977294922,10383.945495605469,7128.2149658203125,0.305908203125,25127043072,4294963200,754577408,0
20,1729209266567,400,2230,2362,2080,6.25,12.5,3.22580623626709,9.375,80443.08026123047,10383.947631835938,7128.2156982421875,0.305908203125,25127043072,4294963200,754577408,0
0,1729209266587,400,2230,2362,2080,6.25,12.5,3.22580623626709,9.375,80443.08654785156,10383.996215820313,7128.220458984375,0.305908203125,25127043072,4294963200,754577408,0
