Delta,Time,CPU_FREQUENCY_0,CPU_FREQUENCY_1,CPU_FREQUENCY_2,CPU_FREQUENCY_3,CPU_USAGE_0,CPU_USAGE_1,CPU_USAGE_2,CPU_USAGE_3,DRAM_ENERGY (J),PACKAGE_ENERGY (J),PP0_ENERGY (J),PP1_ENERGY (J),TOTAL_MEMORY,TOTAL_SWAP,USED_MEMORY,USED_SWAP
0,1729209294639,2309,1935,400,2342,9.67741870880127,6.45161247253418,6.45161247253418,11.764705657958984,80452.13061523438,10517.876220703125,7207.109069824219,0.30596923828125,25127043072,4294963200,746024960,0
20,1729209294639,2309,1935,400,2342,9.67741870880127,6.45161247253418,6.45161247253418,11.764705657958984,80452.13061523438,10517.876220703125,7207.1097412109375,0.30596923828125,25127043072,4294963200,746024960,0
0,1729209294659,2309,1935,400,2342,9.67741870880127,6.45161247253418,6.45161247253418,11.764705657958984,80452.13696289063,10517.925354003906,7207.1141357421875,0.30596923828125,25127043072,4294963200,746024960,0
