Delta,Time,CPU_FREQUENCY_0,CPU_FREQUENCY_1,CPU_FREQUENCY_2,CPU_FREQUENCY_3,CPU_USAGE_0,CPU_USAGE_1,CPU_USAGE_2,CPU_USAGE_3,DRAM_ENERGY (J),PACKAGE_ENERGY (J),PP0_ENERGY (J),PP1_ENERGY (J),TOTAL_MEMORY,TOTAL_SWAP,USED_MEMORY,USED_SWAP
0,1729209326317,2303,2366,400,2364,9.090909004211426,8.823529243469238,6.060606002807617,6.060606002807617,80463.64044189453,10680.739379882813,7306.2049560546875,0.30596923828125,25127043072,4294963200,736256000,0
20,1729209326317,2303,2366,400,2364,9.090909004211426,8.823529243469238,6.060606002807617,6.060606002807617,80463.64099121094,10680.741271972656,7306.205627441406,0.30596923828125,25127043072,4294963200,736256000,0
0,1729209326337,2303,2366,400,2364,9.090909004211426,8.823529243469238,6.060606002807617,6.060606002807617,80463.64697265625,10680.772766113281,7306.210693359375,0.30596923828125,25127043072,4294963200,736256000,0
