Delta,Time,CPU_FREQUENCY_0,CPU_FREQUENCY_1,CPU_FREQUENCY_2,CPU_FREQUENCY_3,CPU_USAGE_0,CPU_USAGE_1,CPU_USAGE_2,CPU_USAGE_3,DRAM_ENERGY (J),PACKAGE_ENERGY (J),PP0_ENERGY (J),PP1_ENERGY (J),TOTAL_MEMORY,TOTAL_SWAP,USED_MEMORY,USED_SWAP
0,1729209228092,2400,2400,2400,1708,6.6666669845581055,16.129032135009766,6.6666669845581055,9.67741870880127,80430.94012451172,10176.748718261719,6997.2518310546875,0.30572509765625,25127043072,4294963200,731111424,0
20,1729209228092,2400,2400,2400,1708,6.6666669845581055,16.129032135009766,6.6666669845581055,9.67741870880127,80430.94067382813,10176.752258300781,6997.2525634765625,0.30572509765625,25127043072,4294963200,731111424,0
0,1729209228113,2400,2400,2400,1708,6.6666669845581055,16.129032135009766,6.6666669845581055,9.67741870880127,80430.94689941406,10176.79736328125,6997.256408691406,0.30572509765625,25127043072,4294963200,731111424,0
