Delta,Time,CPU_FREQUENCY_0,CPU_FREQUENCY_1,CPU_FREQUENCY_2,CPU_FREQUENCY_3,CPU_USAGE_0,CPU_USAGE_1,CPU_USAGE_2,CPU_USAGE_3,DRAM_ENERGY (J),PACKAGE_ENERGY (J),PP0_ENERGY (J),PP1_ENERGY (J),TOTAL_MEMORY,TOTAL_SWAP,USED_MEMORY,USED_SWAP
0,1729209283469,2400,1381,400,2399,9.375,9.375,9.375,6.25,80448.74035644531,10464.845031738281,7175.937316894531,0.30596923828125,25127043072,4294963200,749629440,0
20,1729209283469,2400,1381,400,2399,9.375,9.375,9.375,6.25,80448.74084472656,10464.846862792969,7175.93798828125,0.30596923828125,25127043072,4294963200,749629440,0
0,1729209283489,2400,1381,400,2399,9.375,9.375,9.375,6.25,80448.74694824219,10464.895324707031,7175.9422607421875,0.30596923828125,25127043072,4294963200,749629440,0
